Iter	f-f*	Time
0	0.66607555	1673685097.2186
1	0.22126065	0.3437
2	0.11274778	0.6338
3	0.05629012	0.9428
4	0.02564953	1.2787
5	0.01007560	1.5553
6	0.00332801	1.8257
7	0.00095893	2.1189
8	0.00027104	2.3802
9	0.00006801	2.6719
10	0.00001248	2.9786
11	0.00000302	3.3100
12	0.00000207	3.5990
13	0.00000199	3.9055
